{
    "counter": {
        "ACTIVE": 16464,
        "INACTIVE": 4536,
        "INVALID": 0,
        "MALICIOUS": 0,
        "SANE": 0,
        "VALID": 0,
        "total": 21000
    },
    "percentage": {
        "ACTIVE": 78.4,
        "INACTIVE": 21.604115069537055,
        "INVALID": 0,
        "MALICIOUS": 0,
        "SANE": 0,
        "VALID": 0,
        "total": 100.00411506953706
    }
}