{
    "counter": {
        "ACTIVE": 19602,
        "INACTIVE": 1397,
        "INVALID": 1,
        "MALICIOUS": 0,
        "SANE": 0,
        "VALID": 0,
        "total": 21000
    },
    "percentage": {
        "ACTIVE": 93.34285714285714,
        "INACTIVE": 6.653331428299281,
        "INVALID": 0.02069108214359611,
        "MALICIOUS": 0,
        "SANE": 0,
        "VALID": 0,
        "total": 100.01687965330002
    }
}