{
    "counter": {
        "ACTIVE": 18926,
        "INACTIVE": 2074,
        "INVALID": 0,
        "MALICIOUS": 0,
        "SANE": 0,
        "VALID": 0,
        "total": 21000
    },
    "percentage": {
        "ACTIVE": 90.12380952380953,
        "INACTIVE": 9.877601562127923,
        "INVALID": 0,
        "MALICIOUS": 0,
        "SANE": 0,
        "VALID": 0,
        "total": 100.00141108593745
    }
}