{
    "counter": {
        "ACTIVE": 16260,
        "INACTIVE": 4740,
        "INVALID": 0,
        "MALICIOUS": 0,
        "SANE": 0,
        "VALID": 0,
        "total": 21000
    },
    "percentage": {
        "ACTIVE": 77.42857142857143,
        "INACTIVE": 22.571428571428573,
        "INVALID": 0.0,
        "MALICIOUS": 0.0,
        "SANE": 0.0,
        "VALID": 0.0,
        "total": 100.0
    }
}