{
    "counter": {
        "ACTIVE": 18607,
        "INACTIVE": 2393,
        "INVALID": 0,
        "MALICIOUS": 0,
        "SANE": 0,
        "VALID": 0,
        "total": 21000
    },
    "percentage": {
        "ACTIVE": 88.6047619047619,
        "INACTIVE": 11.395780751464356,
        "INVALID": 0,
        "MALICIOUS": 0,
        "SANE": 0,
        "VALID": 0,
        "total": 100.00054265622626
    }
}