{
    "counter": {
        "ACTIVE": 18653,
        "INACTIVE": 2347,
        "INVALID": 0,
        "MALICIOUS": 0,
        "SANE": 0,
        "VALID": 0,
        "total": 21000
    },
    "percentage": {
        "ACTIVE": 88.82380952380953,
        "INACTIVE": 11.17778730294804,
        "INVALID": 0,
        "MALICIOUS": 0,
        "SANE": 0,
        "VALID": 0,
        "total": 100.00159682675758
    }
}