{
    "counter": {
        "ACTIVE": 19109,
        "INACTIVE": 1891,
        "INVALID": 0,
        "MALICIOUS": 0,
        "SANE": 0,
        "VALID": 0,
        "total": 21000
    },
    "percentage": {
        "ACTIVE": 90.9952380952381,
        "INACTIVE": 9.006048483116636,
        "INVALID": 0,
        "MALICIOUS": 0,
        "SANE": 0,
        "VALID": 0,
        "total": 100.00128657835472
    }
}