{
    "counter": {
        "ACTIVE": 18419,
        "INACTIVE": 2581,
        "INVALID": 0,
        "MALICIOUS": 0,
        "SANE": 0,
        "VALID": 0,
        "total": 21000
    },
    "percentage": {
        "ACTIVE": 87.70952380952382,
        "INACTIVE": 12.290476190476191,
        "INVALID": 0.0,
        "MALICIOUS": 0.0,
        "SANE": 0.0,
        "VALID": 0.0,
        "total": 100.0
    }
}