{
    "counter": {
        "ACTIVE": 18892,
        "INACTIVE": 2108,
        "INVALID": 0,
        "MALICIOUS": 0,
        "SANE": 0,
        "VALID": 0,
        "total": 21000
    },
    "percentage": {
        "ACTIVE": 89.96190476190476,
        "INACTIVE": 10.039529456589037,
        "INVALID": 0,
        "MALICIOUS": 0,
        "SANE": 0,
        "VALID": 0,
        "total": 100.0014342184938
    }
}