{
    "counter": {
        "ACTIVE": 16720,
        "INACTIVE": 4279,
        "INVALID": 1,
        "MALICIOUS": 0,
        "SANE": 0,
        "VALID": 0,
        "total": 21000
    },
    "percentage": {
        "ACTIVE": 79.61904761904762,
        "INACTIVE": 20.392698851451176,
        "INVALID": 0.00648046140885231,
        "MALICIOUS": 0,
        "SANE": 0,
        "VALID": 0,
        "total": 100.01822693190765
    }
}